Subject,Style,Trial,Jump Height (Impulse),sqrt JH,Jump Height (Flight),Bodyweight,GRF Impulse (Normalized),Net Impulse (Normalized),Concentric GRF Impulse (Normalized),Concentric Net Impulse (Normalized),GRF_Max (Normalized),Net F_Max (Normalized),GRF at Bottom (Normalized),Average Power (Normalized),Peak Power (Normalized),Depth,Contact Time,RSI (Impulse),RSI (Flight)
1,SF,1,0.345348071,0.587663229,0.438362158,85.96080296,10.62118935,5.472698102,5.143996505,2.613880805,29.00961734,19.20296734,28.02416819,0.029491552,0.051561425,0.534271949,0.525,0.65780585,0.83497554
1,SF,2,0.259443868,0.509356327,0.33146477,86.31016247,10.57839846,5.125901062,4.874197348,2.255821798,27.53059352,17.72394352,26.24024721,0.023618141,0.041227282,0.563286664,0.556,0.466625662,0.596159658
1,SF,3,0.317086686,0.563104507,0.381679721,85.99587306,10.31629337,5.363935119,4.936644398,2.494788548,32.2407332,22.4340832,27.53457713,0.028690497,0.049892036,0.516503788,0.505,0.627894427,0.755801428
1,SF,4,0.300907313,0.548550192,0.369466765,85.89843427,10.52642301,5.29947856,5.127427977,2.430599227,30.39601388,20.58936388,28.80727712,0.027509591,0.045634607,0.509434211,0.533,0.564554058,0.693183423
1,SF,5,0.317619918,0.563577783,0.409530607,86.30526377,9.828056864,5.366031114,4.723056824,2.506753924,32.49477352,22.68812352,28.65329288,0.029921838,0.052125993,0.448949149,0.455,0.698065754,0.900067269
1,SS,1,0.372850159,0.610614575,0.413792823,86.1251331,9.192996359,5.574342509,4.757226784,2.717443584,45.82158376,36.01493376,32.36627799,0.035721468,0.059644294,0.290660777,0.369,1.010434036,1.121389763
1,SS,2,0.442123069,0.664923356,0.469690728,86.23622797,9.629646143,5.814859293,4.995897898,2.965921348,43.04756931,33.24091931,33.00469034,0.039731864,0.061634603,0.345909644,0.389,1.136563159,1.207431176
1,SS,3,0.406492302,0.637567488,0.45463752,86.21381454,9.243715921,5.693708621,4.748930345,2.846440245,37.49074342,27.68409342,33.93307692,0.038621383,0.063905357,0.318841415,0.362,1.122906912,1.255904751
1,SS,4,0.346862863,0.588950646,0.409530607,86.14265799,9.20492667,5.47839967,4.532500437,2.610397037,36.92560775,27.11895775,33.1199439,0.035000857,0.058248329,0.357683787,0.38,0.912797008,1.077712125
1,SS,5,0.371685405,0.609660073,0.435434873,86.22449615,9.610455114,5.570115314,4.808602932,2.709979832,48.84551593,39.03886593,30.06071495,0.0342916,0.057928652,0.364458485,0.412,0.90214904,1.05688076
1,ST,1,0.341558574,0.584430128,0.370813953,86.23317221,9.155486744,5.458379694,4.644556552,2.604773352,40.63610221,30.82945221,31.94060858,0.032885266,0.055282327,0.314519208,0.377,0.905990913,0.983591388
1,ST,2,0.331553825,0.575807107,0.3548095,86.28130552,9.656663804,5.420191004,4.880509891,2.556333841,36.66275077,26.85610077,30.5212118,0.031291063,0.052466782,0.363751467,0.432,0.767485705,0.821318288
1,ST,3,0.312603792,0.559109821,0.302791351,86.20918008,8.592245041,5.346243891,4.295774994,2.481544744,48.5147869,38.7081369,35.1354693,0.034070244,0.058500732,0.259831168,0.331,0.944422332,0.914777496
1,ST,4,0.323886113,0.569109931,0.325121093,86.25492163,9.37203118,5.39053128,4.859905986,2.525923286,43.00647348,33.19982348,29.86774495,0.03103597,0.050987469,0.284826237,0.406,0.797749046,0.80079087
1,ST,5,0.3691961,0.607615092,0.358777516,86.14120464,8.228467525,5.561058725,4.262156787,2.693092787,63.39579325,53.58914325,39.68275129,0.040150543,0.064985942,0.179124868,0.272,1.357338602,1.319034986
3,SF,1,0.424514863,0.651548051,0.465149023,70.14383571,11.24734821,5.755624209,5.701884577,2.887376027,34.01895513,24.21230513,31.71112582,0.032674303,0.056060561,0.529630023,0.56,0.758062256,0.830623255
3,SF,2,0.381168926,0.617388796,0.426711858,69.87852656,10.35076204,5.604343438,5.084857788,2.750875088,30.80817679,21.00152679,27.76418015,0.032510479,0.054710185,0.443962381,0.484,0.787539103,0.881636071
3,SF,3,0.405460582,0.636757868,0.44129925,69.71789246,9.857949312,5.690123062,4.875618338,2.826028488,31.06017585,21.25352585,29.18060096,0.03614209,0.060042239,0.375649834,0.425,0.954024899,1.038351176
3,SF,4,0.398686751,0.631416464,0.466660473,70.02620586,10.74631234,5.666467638,5.348023007,2.808100657,33.91001941,24.10336941,33.63440831,0.033106207,0.052340594,0.52958047,0.518,0.769665542,0.900888943
3,SF,5,0.406887594,0.637877413,0.448684883,69.8466816,10.63763278,5.695081183,5.28688975,2.8254206,28.5161722,18.7095222,28.10054758,0.032906655,0.054749722,0.463172956,0.504,0.807316656,0.890247784
3,SS,1,0.422376733,0.649905172,0.448684883,70.00296582,10.5143803,5.748348404,5.340973924,2.879504774,30.75855394,20.95190394,29.77516703,0.033807583,0.061270101,0.429467152,0.486,0.869087927,0.923219924
3,SS,2,0.443660232,0.666078248,0.450169365,70.11686913,10.38987285,5.819973951,5.362808332,2.950372432,31.49841154,21.69176154,31.3549368,0.036105567,0.056987055,0.401902278,0.466,0.952060583,0.96602868
3,SS,3,0.470842412,0.686179577,0.477309269,69.73301882,10.55734862,5.908996521,5.557388402,3.056692652,31.12528379,21.31863379,30.92251041,0.036896493,0.061416015,0.401839886,0.474,0.993338423,1.00698158
3,SS,4,0.369520295,0.60788181,0.433974908,69.9599548,10.04387899,5.562239938,4.768850923,2.699647773,31.84993482,22.04328482,28.26788562,0.033132993,0.055421515,0.448202071,0.457,0.808578326,0.949616867
3,SS,5,0.421947492,0.649574855,0.456131808,70.06663202,10.66982383,5.74688553,5.44024201,2.88070636,34.15249072,24.34584072,30.55648514,0.034185734,0.056174165,0.454871488,0.502,0.840532852,0.9086291
3,ST,1,0.3252246,0.570284666,0.352176415,69.80947382,7.974882771,5.395733821,3.833168127,2.538690327,58.55150851,48.74485851,42.22220623,0.040958198,0.067349064,0.240026128,0.263,1.236595438,1.339073821
3,ST,2,0.32558237,0.570598256,0.344335998,70.08763275,8.162597916,5.397122616,3.946490046,2.553945746,51.44602348,41.63937348,39.17595576,0.038980507,0.063739153,0.243757225,0.282,1.154547411,1.221049639
3,ST,3,0.343596557,0.586171099,0.380312919,70.39996065,8.682671118,5.466089918,4.181778545,2.602907895,46.21820765,36.41155765,32.37800105,0.037239391,0.060685527,0.289886846,0.328,1.04755048,1.159490608
3,ST,4,0.342959189,0.585627176,0.362767597,70.35744085,8.278189598,5.463681048,4.013030414,2.600872814,46.33369208,36.52704208,37.11348748,0.040060421,0.064675523,0.234689206,0.287,1.194979751,1.263998595
3,ST,5,0.365197224,0.6043155,0.360105091,68.71077872,8.253081257,5.546445857,4.08251886,2.68016791,61.16143752,51.35478752,38.81880033,0.042420194,0.06987768,0.222804044,0.276,1.323178348,1.304728592
4,SF,1,0.317731847,0.563677077,0.372163593,83.35942898,11.12297441,5.366470856,5.485376767,2.504155167,27.40901693,17.60236693,19.15116286,0.023289016,0.05091636,0.441719158,0.587,0.54128083,0.634009529
4,SF,2,0.322444318,0.567841807,0.362767597,83.09243272,11.01393226,5.384915157,5.654175713,2.525854363,36.04564101,26.23899101,21.78441455,0.023765242,0.049249674,0.408561502,0.574,0.561749683,0.631999298
4,SF,3,0.374628718,0.61206921,0.38442068,83.0332282,10.94502219,5.580784638,5.646763533,2.714575183,27.71420611,17.90755611,23.31548516,0.027455554,0.053686161,0.392556846,0.547,0.684878827,0.702780037
4,SF,4,0.396805508,0.629925002,0.433974908,83.29412649,11.73998541,5.659862414,6.14701218,2.80294453,26.38565398,16.57900398,23.73060483,0.026853421,0.053151963,0.493101664,0.62,0.640008884,0.699959529
4,SF,5,0.424738566,0.651719699,0.438362158,83.2460677,11.83650738,5.756384383,6.202563067,2.887915367,25.96603131,16.15938131,23.37780094,0.028913539,0.054142171,0.478650857,0.62,0.685062204,0.707035739
4,SS,1,0.199927856,0.447132929,0.277743941,83.19245638,9.096612337,4.850332887,4.08879867,1.99017557,42.85160164,33.04495164,21.22067405,0.021515703,0.039161661,0.316904395,0.433,0.46172715,0.641440973
4,SS,2,0.356405193,0.596996812,0.370813953,83.23014522,9.417080349,5.514033649,4.741249387,2.652432937,47.10456758,37.29791758,23.65477069,0.031582882,0.056667583,0.2469619,0.398,0.895490435,0.93169335
4,SS,3,0.443541415,0.66598905,0.4195101,83.02562945,9.850112073,5.819578923,5.263193642,2.958630892,45.9082337,36.1015837,25.10417583,0.035551466,0.061651334,0.273778825,0.411,1.079176192,1.020705838
4,SS,4,0.327300816,0.572102103,0.358777516,83.22079839,8.620363886,5.403782686,4.3639928,2.54976255,49.57618864,39.76953864,27.58769496,0.033090388,0.05712692,0.206661118,0.328,0.997868341,1.09383389
4,SS,5,0.376090807,0.613262429,0.365439909,83.37148602,9.381242585,5.586069035,4.871655279,2.723998929,44.56091857,34.75426857,25.88810759,0.033230642,0.057444669,0.248686174,0.387,0.97181087,0.94428917
4,ST,1,0.255670178,0.505638387,0.249335302,83.34683667,9.002675506,5.109435456,4.46001078,2.24370788,57.43925254,47.63260254,21.09894113,0.02491669,0.044196354,0.216062512,0.397,0.644005487,0.62804862
4,ST,2,0.253028573,0.503019456,0.285972946,83.31529322,8.422291369,5.097837019,4.043466715,2.229236465,72.77319404,62.96654404,23.08843822,0.027299824,0.049119311,0.203696573,0.339,0.746396969,0.843578013
4,ST,3,0.173235955,0.416216236,0.23516837,83.1786377,8.91065862,4.71341242,4.031208304,1.854132004,46.87369387,37.06704387,22.42102121,0.020193881,0.036111181,0.284623728,0.428,0.404756904,0.549458809
4,ST,4,0.263195379,0.51302571,0.302791351,82.99196865,7.721300572,5.142151622,3.71511533,2.28334443,59.78843593,49.98178593,35.2634122,0.032666233,0.053058775,0.174275851,0.263,1.000742884,1.151297913
4,ST,5,0.218695391,0.46764879,0.265055362,83.09971979,7.991059436,4.941191286,3.797908715,2.071938315,65.10840245,55.30175245,31.5045587,0.026181494,0.04608372,0.195335992,0.311,0.703200613,0.852268045
5,SF,1,0.208857795,0.457009622,0.226656198,61.45915326,9.973918407,4.894073707,4.622871044,2.033915444,34.32751491,24.52086491,22.71834098,0.020445642,0.038373326,0.378820776,0.518,0.403200377,0.437560228
5,SF,2,0.217995572,0.466899959,0.257135266,61.47565843,9.782360048,4.937874948,4.453068856,2.070052906,29.87767918,20.07102918,21.47565449,0.021585509,0.042545619,0.377329604,0.494,0.441286583,0.520516733
5,SF,3,0.238061381,0.487915342,0.251551605,61.51726015,10.00291713,5.030945575,4.776445006,2.167876106,27.20521031,17.39856031,24.4459847,0.022381758,0.040412024,0.399505095,0.507,0.469549075,0.496157012
5,SF,4,0.207915019,0.455976994,0.246029235,61.43816947,9.331912962,4.889500512,4.189202531,2.021932881,42.82549469,33.01884469,22.4284026,0.021892837,0.040420277,0.347115497,0.453,0.458973551,0.543110894
5,SF,5,0.24490831,0.494882117,0.273095589,61.43418207,9.955317616,5.061799266,4.747923797,2.198194797,37.45764853,27.65099853,24.67339759,0.023654366,0.040782086,0.369384562,0.499,0.490798216,0.54728575
5,SS,1,0.285448037,0.534273373,0.293121994,61.55537246,10.31609565,5.236250949,5.173239837,2.378344587,33.10369052,23.29704052,23.56788599,0.024081655,0.044729101,0.366032369,0.518,0.551057987,0.565872576
5,SS,2,0.253039381,0.503030199,0.266196611,61.31697907,10.34444235,5.097884598,4.992910848,2.237242198,31.90029955,22.09364955,22.34275107,0.022302866,0.042638875,0.384327795,0.535,0.472970806,0.497563759
5,SS,3,0.221552051,0.47069316,0.258259354,61.49234655,9.652059213,4.954673863,4.391019617,2.086456867,29.55863782,19.75198782,23.31070581,0.022210744,0.039743064,0.362472598,0.479,0.462530379,0.539163577
5,SS,4,0.202604402,0.450115987,0.230892671,61.41216162,10.00222853,4.863543929,4.642465067,1.994669567,34.54185529,24.73520529,21.93734864,0.020462722,0.039406889,0.372299493,0.524,0.386649622,0.440634868
5,SS,5,0.215492286,0.464211467,0.244932116,61.30947518,10.13329959,4.925968445,4.822898241,2.067229591,31.19305775,21.38640775,22.61917911,0.02126427,0.038959619,0.371526443,0.531,0.405823513,0.461265756
5,ST,1,0.11820879,0.343815052,0.161526558,61.65447465,7.305345031,4.392769981,2.979889636,1.528505436,47.88849498,38.08184498,30.97893561,0.019119526,0.033026241,0.226380341,0.297,0.398009393,0.543860465
5,ST,2,0.104933759,0.323934807,0.154485383,61.54352546,7.178074975,4.304726525,2.847486778,1.445135828,41.38193223,31.57528223,32.97454907,0.018508881,0.032315972,0.246527023,0.293,0.358135695,0.527253868
5,ST,3,0.098315578,0.31355315,0.136748831,61.46476001,7.112484535,4.258749385,2.853590252,1.402206052,46.45523711,36.64858711,31.24538353,0.017694777,0.030727558,0.222150764,0.291,0.337854221,0.469927254
5,ST,4,0.087677358,0.296103627,0.145904565,61.61471249,6.535066849,4.181470849,2.402940775,1.314402625,52.3160763,42.5094263,37.23104283,0.018042184,0.030667393,0.22160462,0.24,0.365322327,0.607935686
5,ST,5,0.112537694,0.335466383,0.153616269,61.74652691,7.003591808,4.355796308,2.76578641,1.50072856,50.83638153,41.02973153,33.27539382,0.019591663,0.033549981,0.217003346,0.27,0.416806273,0.568949144
6,SF,1,0.315935008,0.562080962,0.336583841,67.78741722,9.321288757,5.359402157,4.466160423,2.495023773,33.40324935,23.59659935,30.47158432,0.031766248,0.052967753,0.369375464,0.404,0.782017347,0.83312832
6,SF,2,0.285926973,0.534721398,0.326384925,67.84165528,9.053021959,5.238235109,4.190133611,2.375903361,37.12335717,27.31670717,30.73244589,0.030667395,0.050997278,0.364710966,0.389,0.735030778,0.839035798
6,SF,3,0.279725433,0.528890757,0.31385693,67.88149197,9.08603976,5.21241301,4.190594398,2.356750848,38.97925522,29.17260522,28.8336326,0.029695791,0.050226206,0.358697932,0.395,0.708165654,0.794574506
6,SF,4,0.233451965,0.483168671,0.302791351,67.66915385,9.118910388,5.009924038,4.034692906,2.151816106,29.21597046,19.40932046,27.57238555,0.026330919,0.045922547,0.404932469,0.419,0.557164593,0.72265239
6,SF,5,0.244239241,0.494205667,0.297937059,67.69291223,9.001076774,5.058803474,4.025689338,2.201652438,33.29417994,23.48752994,28.90007145,0.027369441,0.048599582,0.379232593,0.402,0.6075603,0.741136964
6,SS,1,0.291277812,0.539701595,0.308914378,67.71683321,9.457537065,5.260290865,4.577444711,2.390561761,34.94478238,25.13813238,29.30453044,0.029312747,0.050812784,0.365258646,0.428,0.680555635,0.721762566
6,SS,2,0.303741874,0.55112782,0.327651209,67.67152529,9.302200628,5.310894078,4.438985138,2.448235188,31.36149202,21.55484202,29.24509225,0.03070919,0.053409001,0.360040559,0.407,0.74629453,0.805039826
6,SS,3,0.347817739,0.589760747,0.356129721,67.64102527,9.590973709,5.481987359,4.75850571,2.63046266,34.22700929,24.42035929,29.39443913,0.032442975,0.055592654,0.352494311,0.419,0.830113936,0.8499516
6,SS,4,0.353266164,0.594361981,0.356129721,67.60680888,9.385798199,5.502364799,4.699577458,2.640180958,38.24599982,28.43934982,29.70632741,0.033551391,0.056680234,0.313055082,0.396,0.892086274,0.899317476
6,SS,5,0.316500559,0.562583824,0.33146477,67.60618214,8.980283027,5.361629177,4.365007987,2.501744487,39.98746733,30.18081733,30.26779409,0.032736816,0.05602834,0.300359891,0.369,0.857725093,0.898278509
6,ST,1,0.206404611,0.454317742,0.240568157,67.85093436,7.069035151,4.882152201,3.176663697,2.048898947,52.64525881,42.83860881,48.02793109,0.03220748,0.05326707,0.184649597,0.223,0.925581214,1.078780973
6,ST,2,0.200737873,0.448037803,0.252663434,67.95432207,6.874510197,4.854340297,3.027230627,1.987725727,54.35474724,44.54809724,50.4987747,0.033457193,0.057790343,0.177678249,0.206,0.974455697,1.226521524
6,ST,3,0.217242088,0.46609236,0.252663434,67.85611764,7.199634492,4.934298342,3.249823858,2.082832508,50.59028013,40.78363013,46.91485618,0.033065796,0.055817402,0.196993911,0.231,0.940441941,1.093781099
6,ST,4,0.158853859,0.398564749,0.230892671,67.84829868,6.880962295,4.635239445,2.874871792,1.786333642,51.25581728,41.44916728,45.0522719,0.027174172,0.046054274,0.214743082,0.229,0.693684972,1.008264939
6,ST,5,0.222934657,0.472159567,0.249335302,67.78407689,7.795289975,4.961168125,3.609151828,2.108734378,45.84778819,36.04113819,35.60467459,0.028983123,0.049351211,0.233030385,0.289,0.771400198,0.86275191
7,SF,1,0.306286198,0.553431295,0.344335998,79.68433448,9.694861356,5.321095456,4.663684304,2.457188054,27.66428325,17.85763325,24.78341587,0.028516262,0.04945134,0.356549446,0.446,0.686740354,0.772053807
7,SF,2,0.2054034,0.453214519,0.236243424,79.67900553,8.427273665,4.877266365,3.823930569,2.009700319,37.31108314,27.50443314,25.49303906,0.024379493,0.042546243,0.278142795,0.362,0.567412706,0.652606145
7,SF,3,0.195550528,0.442210954,0.229829875,79.93222377,8.476608783,4.828534983,3.843770704,1.970700554,35.24686124,25.44021124,26.00227921,0.023407882,0.041290476,0.279942867,0.372,0.525673462,0.617822245
7,SF,4,0.251571256,0.501568795,0.304011053,79.59110667,8.366833593,5.091412493,3.847629249,2.229531999,39.23579066,29.42914066,30.09896583,0.02961952,0.049264336,0.287993088,0.334,0.753207354,0.910212735
7,SF,5,0.241562407,0.491489987,0.299146955,79.59681166,8.400650868,5.046776568,3.892280903,2.195730453,33.03800674,23.23135674,29.49439746,0.028290419,0.048276391,0.277846727,0.342,0.706322826,0.874698699
7,SS,1,0.269011466,0.518663153,0.320090282,79.59053753,8.511185765,5.167118115,4.015327826,2.299164076,35.06723395,25.26058395,29.20962808,0.030034974,0.04939371,0.26891655,0.341,0.78888993,0.938681178
7,SS,2,0.233493776,0.483211937,0.287158325,79.72733873,7.922690699,5.010115649,3.608791095,2.147600245,37.84711804,28.04046804,34.31319851,0.030151117,0.049421159,0.253243924,0.297,0.78617433,0.966863048
7,SS,3,0.231574093,0.481221459,0.287158325,79.87851081,8.011941992,5.001300442,3.633966158,2.143355358,43.08580575,33.27915575,33.9520601,0.029731103,0.049499052,0.270357243,0.307,0.754313008,0.935369138
7,SS,4,0.188673461,0.434365585,0.238400887,79.55090749,8.19669782,4.79379027,3.659809287,1.933838887,35.28105572,25.47440572,27.48868704,0.02371366,0.04052893,0.275984829,0.347,0.543727553,0.687034257
7,SS,5,0.237898896,0.487748804,0.296729616,79.6117212,8.10949613,5.03020803,3.732624675,2.173367325,34.79148495,24.98483495,32.18596409,0.029605123,0.049088774,0.264355786,0.314,0.757639796,0.944998776
7,ST,1,0.231621112,0.481270311,0.280082827,79.87468602,7.610085689,5.001516789,3.553252778,2.141095178,45.84043058,36.03378058,36.42029966,0.030998133,0.052505432,0.197492962,0.266,0.870756061,1.05294296
7,ST,2,0.210251564,0.458531966,0.223504586,79.93746125,8.078170296,4.900815696,3.717943132,2.031199332,62.04938114,52.24273114,26.49283536,0.02564191,0.044317876,0.216569057,0.324,0.648924581,0.689828969
7,ST,3,0.211209704,0.459575569,0.262780219,79.8382642,8.023952192,4.905437492,3.629385081,2.040707781,49.41415046,39.60750046,29.24712885,0.026765642,0.044115562,0.247639814,0.318,0.664181459,0.826352891
7,ST,4,0.273214423,0.522699171,0.281255948,79.8459036,8.22505389,5.18499239,3.964786867,2.317269667,58.55403708,48.74738708,28.81149685,0.030997136,0.051086616,0.211451996,0.31,0.88133685,0.907277251
7,ST,5,0.255498945,0.505469035,0.277743941,79.82513662,8.246813445,5.108685445,3.948134927,2.251584477,57.08890949,47.28225949,28.57445783,0.029458507,0.04996574,0.20267403,0.32,0.798434202,0.867949817
8,SF,1,0.288957404,0.537547583,0.343037843,60.51957455,8.977278411,5.250751411,4.155031688,2.399641338,47.46067734,37.65402734,28.97360091,0.031176746,0.053353459,0.335967597,0.38,0.760414221,0.902731165
8,SF,2,0.306564203,0.553682403,0.366779742,60.39831979,9.470420486,5.322207536,4.379858677,2.457755277,34.61056545,24.80391545,28.19929439,0.030581414,0.052399986,0.385156698,0.423,0.724738069,0.86709159
8,SF,3,0.296903549,0.544888566,0.348245174,60.43559871,9.666834903,5.283262353,4.496515146,2.417505346,38.03602593,28.22937593,26.29625641,0.028684993,0.050555568,0.395909401,0.447,0.664213756,0.779071978
8,SF,4,0.305247334,0.552491931,0.365439909,60.2961991,9.494568207,5.316935307,4.415132363,2.453802363,43.05627948,33.24962948,27.51052346,0.03038664,0.051720613,0.383155616,0.426,0.716543039,0.857840162
8,SF,5,0.29543016,0.543534875,0.361435118,60.42988695,9.396060272,5.277267272,4.361298909,2.409775559,32.47449398,22.66784398,27.70053172,0.029641593,0.050211622,0.375918474,0.42,0.703405142,0.860559805
8,SS,1,0.314125209,0.56046874,0.378948569,60.24588407,9.667188124,5.352262124,4.505372179,2.495008929,38.88879774,29.08214774,27.13811948,0.030324567,0.052811985,0.412989613,0.44,0.713920929,0.861246748
8,SS,2,0.277422764,0.526709373,0.352176415,60.3334577,9.115605684,5.202752334,4.153686023,2.349262423,34.39086833,24.58421833,28.36237247,0.029696322,0.050747743,0.380243099,0.399,0.695295148,0.882647656
8,SS,3,0.274641619,0.52406261,0.343037843,60.42098391,9.613829789,5.191030639,4.364570931,2.324787731,27.50468285,17.69803285,26.12039556,0.027624925,0.047623971,0.415797384,0.451,0.608961462,0.760616059
8,SS,4,0.315992275,0.562131902,0.395482581,60.25789707,9.85107345,5.35962775,4.544573464,2.494983614,42.21156269,32.40491269,25.66219658,0.029966883,0.052342236,0.411924864,0.458,0.689939464,0.863499086
8,SS,5,0.293712365,0.541952364,0.383048975,60.22517129,9.594991472,5.270258822,4.377509426,2.416179426,41.87534789,32.06869789,26.83861192,0.029122015,0.050653739,0.426276225,0.441,0.666014432,0.86859178
8,ST,1,0.128270053,0.358148088,0.177010033,60.49493874,7.123655366,4.456246566,2.892207822,1.607536672,70.6282226,60.8215726,36.59959074,0.021527441,0.035800859,0.233151648,0.272,0.471581079,0.650772178
8,ST,2,0.143320487,0.378576923,0.201066971,60.51459454,7.165095104,4.546719554,2.928252785,1.702421535,70.77119219,60.96454219,38.64935423,0.023553579,0.038924754,0.2413037,0.267,0.53678085,0.753059816
8,ST,3,0.168567592,0.410569838,0.227711639,60.50219533,7.571561371,4.688406271,3.116413528,1.831742378,49.18895891,39.38230891,36.16182831,0.025107924,0.040824782,0.278725055,0.294,0.573359155,0.774529384
8,ST,4,0.212557142,0.461039198,0.267340311,60.42050285,7.834301151,4.911919451,3.376608525,2.062517425,46.12540228,36.31875228,35.31946772,0.029238643,0.04922262,0.272036061,0.298,0.713279001,0.897115139
8,ST,5,0.173522576,0.416560411,0.231957918,60.46603436,7.568671814,4.714936664,3.106470136,1.851218936,61.15152149,51.34487149,37.26869182,0.026333095,0.043352419,0.278479018,0.291,0.596297511,0.797106248
9,SF,1,0.200304588,0.447554006,0.236243424,71.51724778,10.00068896,4.852197706,4.589032788,1.990270538,32.67589389,22.86924389,26.26499283,0.020674226,0.034790436,0.439211551,0.525,0.381532548,0.449987475
9,SF,2,0.198833351,0.445907335,0.258259354,71.26606898,10.20914266,4.84490511,4.549222928,1.989687278,27.956502,18.149852,26.40008109,0.020023126,0.034271534,0.49785279,0.547,0.3634979,0.472137758
9,SF,3,0.178609885,0.422622627,0.223504586,71.26725131,10.16486179,4.741784344,4.578606148,1.871970748,35.75288724,25.94623724,24.22809872,0.019152713,0.03320914,0.463079796,0.553,0.322983517,0.404167425
9,SF,4,0.160776951,0.400970013,0.223504586,71.32777367,10.80446782,4.645891616,4.894925596,1.786217546,28.63036227,18.82371227,27.139919,0.017576373,0.030221233,0.578161471,0.628,0.256014253,0.355899022
9,SF,5,0.166603802,0.40817129,0.21315857,71.21283708,10.56177384,4.677783843,4.790220331,1.808998731,32.27185005,22.46520005,24.96909368,0.01774387,0.030412448,0.509605211,0.6,0.277673003,0.355264284
9,SS,1,0.209676973,0.457904983,0.257135266,71.2608044,9.644457578,4.898038978,4.329789533,2.035033433,38.1657213,28.3590713,26.27391054,0.021834907,0.036949579,0.414885031,0.484,0.433216886,0.531271211
9,SS,2,0.206858223,0.454816692,0.233025617,71.56892131,10.26821275,4.884361896,4.829870825,2.015362275,37.10437368,27.29772368,24.77080788,0.020320185,0.036322697,0.439703415,0.549,0.376790935,0.424454676
9,SS,3,0.20386465,0.451513732,0.247128806,71.50530253,10.05745196,4.869734108,4.661984331,2.014188831,39.3454737,29.5388237,26.17414281,0.020884469,0.035632916,0.449786482,0.529,0.385377411,0.467162204
9,SS,4,0.241532898,0.491459966,0.251551605,71.2275298,10.52856097,5.046643616,5.1499605,2.1883522,27.83600674,18.02935674,26.66525156,0.022940525,0.038632525,0.438045018,0.559,0.432080318,0.450002871
9,SS,5,0.205665593,0.453503686,0.261646325,71.53436614,10.24278455,4.878546996,4.661334377,2.013538877,32.47222455,22.66557455,24.94647113,0.02010788,0.035942674,0.485338885,0.547,0.375988286,0.478329662
9,ST,1,0.19390051,0.440341356,0.270786123,71.56651938,7.262110963,4.820255113,3.182616214,1.966591614,57.15661507,47.34996507,45.34969743,0.029885404,0.049239941,0.217594353,0.249,0.778716907,1.08749447
9,ST,2,0.197844928,0.444797626,0.238400887,71.25557708,7.33087965,4.83999055,3.211688535,1.976050635,50.57400624,40.76735624,40.86781862,0.029592941,0.047674412,0.215051743,0.254,0.778917037,0.938586171
9,ST,3,0.148059958,0.3847856,0.226656198,71.18766601,7.074911613,4.574215863,2.90220598,1.72540798,50.20869766,40.40204766,42.5076445,0.024856674,0.041175863,0.246927577,0.255,0.580627288,0.888847836
9,ST,4,0.097582785,0.312382434,0.20908881,71.29444826,6.528707443,4.253564643,2.460271301,1.410959751,54.32737183,44.52072183,42.74315987,0.019906694,0.034774423,0.234545803,0.232,0.420615453,0.901244873
9,ST,5,0.182133497,0.426771012,0.23732093,71.33915316,7.486404959,4.760156259,3.179737983,1.895066833,52.83522208,43.02857208,36.21489583,0.026614606,0.042021006,0.251408411,0.278,0.655156464,0.85367241
10,SF,1,0.285698098,0.534507341,0.306457813,56.89269467,11.71948277,5.237287121,5.704772148,2.380317798,31.47557011,21.66892011,28.86275662,0.023232159,0.042604346,0.568165427,0.661,0.432221025,0.463627553
10,SF,2,0.283211363,0.532176064,0.346939664,57.10937928,12.14065087,5.226962615,5.792661979,2.370141129,26.99696651,17.19031651,26.47726204,0.022456908,0.042479928,0.619782661,0.705,0.401718245,0.492112998
10,SF,3,0.338679387,0.581961671,0.364102527,57.03421841,11.86099676,5.447447665,5.896617581,2.591776531,34.27293394,24.46628394,26.94294834,0.025556796,0.048394491,0.558229599,0.654,0.51785839,0.556731693
10,SF,4,0.328856145,0.573459802,0.348245174,56.74596394,11.58798502,5.409795518,5.704940977,2.547199677,31.94905636,22.14240636,30.42577621,0.026570593,0.044857406,0.589036945,0.63,0.521993881,0.552770117
10,SF,5,0.321066729,0.566627505,0.35086355,56.91322789,11.44985374,5.379537386,5.69966767,2.51250642,37.34369107,27.53704107,23.12924515,0.024558446,0.047247364,0.478701346,0.619,0.518686154,0.566823182
10,SS,1,0.275975841,0.525334028,0.317589586,57.02631137,9.737140307,5.196661357,4.599311768,2.333975618,29.72470004,19.91805004,25.23028345,0.026096221,0.046493381,0.374650785,0.463,0.596060132,0.685938631
10,SS,2,0.31352826,0.559935943,0.353491732,56.67962819,10.10612778,5.349902531,4.767974908,2.483025458,39.85523675,30.04858675,23.88653637,0.028250431,0.050449313,0.379803101,0.485,0.646450022,0.728848931
10,SS,3,0.309451814,0.556283933,0.352176415,56.65975896,10.47241351,5.333728906,4.977208342,2.466705942,26.20642987,16.39977987,24.51757694,0.026693909,0.047118525,0.466700049,0.524,0.590556896,0.672092395
10,SS,4,0.345657199,0.587926185,0.369466765,56.67178213,10.59293395,5.473862651,5.2448865,2.6167043,45.03687557,35.23022557,23.72803447,0.028110406,0.05000793,0.402166822,0.522,0.662178543,0.707790737
10,SS,5,0.316853296,0.562897234,0.369466765,57.02241545,10.59976827,5.363017171,5.101882351,2.493313451,25.90875866,16.10210866,24.51895433,0.02662929,0.049220939,0.455740735,0.534,0.593358232,0.691885327
10,ST,1,0.238782417,0.488653678,0.289536438,57.6649925,7.485877936,5.034215436,3.536583483,2.193072433,63.01899719,53.21234719,43.45617491,0.032550744,0.054426543,0.189007444,0.25,0.955129668,1.158145752
10,ST,2,0.291285651,0.539708858,0.285972946,57.02584047,8.663230579,5.260323029,4.138556539,2.402779489,37.3174684,27.5108184,29.87119499,0.031702872,0.052948099,0.269200816,0.347,0.839439917,0.824129529
10,ST,3,0.250814795,0.500814132,0.312617615,57.04907713,7.706445873,5.088070323,3.494598862,2.229541012,41.63450348,31.82785348,40.67112242,0.034193056,0.055795624,0.252457165,0.267,0.939381253,1.170852489
10,ST,4,0.266034096,0.515784932,0.288346156,56.95404364,7.272607764,5.154371364,3.426561356,2.298796606,69.67266494,59.86601494,51.13034674,0.039003816,0.064297681,0.177633163,0.216,1.231639333,1.334935906
10,ST,5,0.233568851,0.483289614,0.253777715,56.97634866,7.746515007,5.010459657,3.547564116,2.145213166,54.09683267,44.29018267,37.23685441,0.030885633,0.051452268,0.220983924,0.279,0.837164341,0.909597543
11,SF,1,0.314183194,0.560520467,0.330191131,61.55849598,10.98150831,5.352491208,5.411502502,2.489120802,26.73668311,16.93003311,22.58729649,0.025495523,0.047678004,0.458616197,0.574,0.547357482,0.575245873
11,SF,2,0.300162086,0.547870501,0.357452393,61.77489941,11.14123182,5.296468421,5.362508854,2.430320504,25.27191489,15.46526489,21.27773598,0.024248813,0.047279101,0.49346779,0.596,0.503627661,0.599752336
11,SF,3,0.274518659,0.523945282,0.312617615,61.53781031,9.966349582,5.190511032,4.698381914,2.325172614,29.91250405,20.10585405,23.60564981,0.025014646,0.045312743,0.417515588,0.487,0.563693345,0.641925287
11,SF,4,0.302138737,0.549671481,0.343037843,61.67787053,11.23746765,5.304444403,5.486764898,2.436896748,30.04448734,20.23783734,21.46101979,0.023924087,0.047072826,0.488652485,0.605,0.499402871,0.567004699
11,SF,5,0.26151446,0.511384845,0.270786123,61.5597901,10.97964814,5.134884742,5.374980721,2.266272671,24.35518376,14.54853376,22.30774338,0.022179807,0.042666153,0.453188253,0.596,0.438782651,0.454339133
11,SS,1,0.355504702,0.59624215,0.327651209,61.7438167,10.93376894,5.510691486,5.614213107,2.642798157,28.85147202,19.04482202,24.51289993,0.027468779,0.048677834,0.419074655,0.553,0.642865645,0.592497665
11,SS,2,0.24759772,0.497591921,0.274254,61.54761788,10.74204385,5.073800149,5.271340487,2.211665687,34.53537396,24.72872396,21.33746269,0.021574797,0.04088941,0.436852944,0.578,0.428369757,0.474487889
11,SS,3,0.327147485,0.57196808,0.364102527,61.45572485,9.953474742,5.403189142,4.908154216,2.544751566,31.19839535,21.39174535,25.00173912,0.028734186,0.052198275,0.36549156,0.464,0.705059234,0.784703722
11,SS,4,0.290820644,0.539277891,0.340448887,62.090964,10.63245861,5.258414413,5.168483533,2.393201583,28.00890641,18.20225641,22.42210316,0.024454312,0.046819307,0.434492018,0.548,0.530694606,0.621257093
11,SS,5,0.33279756,0.576886089,0.325121093,61.60481345,10.32829448,5.424969484,5.101379298,2.561456948,30.28805535,20.48140535,24.40945627,0.027864812,0.048311677,0.415842072,0.5,0.665595121,0.650242187
11,ST,1,0.25249726,0.502491055,0.247128806,61.4873496,7.341219746,5.095496896,3.384293133,2.246721733,54.56358132,44.75693132,45.83853457,0.036944189,0.060414214,0.194977723,0.229,1.102608123,1.079165091
11,ST,2,0.15482217,0.393474485,0.19029314,61.54163509,6.319053344,4.612696244,2.61011029,1.75693174,65.42692592,55.62027592,59.69048425,0.030677578,0.053473534,0.162596828,0.174,0.889782588,1.093638735
11,ST,3,0.125361119,0.354063722,0.166910409,61.66159572,6.37987487,4.43815817,2.51679969,1.57536129,54.5290786,44.7224286,46.62594223,0.024613517,0.042423292,0.182233928,0.198,0.633136966,0.842981863
11,ST,4,0.180524357,0.42488158,0.226656198,61.65139517,7.036737997,4.751788547,3.057103403,1.909725353,52.63968465,42.83303465,46.83024596,0.029370879,0.050687753,0.216552542,0.233,0.774782647,0.972773383
11,ST,5,0.182170399,0.426814244,0.233025617,61.64117091,6.99626392,4.76034772,3.00170101,1.91316286,52.38479335,42.57814335,46.77068844,0.030086849,0.051356047,0.216539888,0.228,0.798992978,1.022042181
12,SF,1,0.330839305,0.575186322,0.389932017,67.51615238,11.07587879,5.417441738,5.369267016,2.554758466,35.34872643,25.54207643,23.49793263,0.026481468,0.049060956,0.484469703,0.577,0.573378344,0.675792058
12,SF,2,0.315505175,0.561698473,0.373515685,67.28022189,11.25150488,5.35770823,5.51028095,2.48983275,29.05147969,19.24482969,24.54822463,0.025506015,0.046785252,0.511984359,0.601,0.524967013,0.621490325
12,SF,3,0.288620186,0.537233828,0.330191131,67.46669106,11.03528539,5.249361887,5.39516544,2.38452389,27.80379429,17.99714429,22.5085887,0.023623951,0.045308287,0.476619439,0.59,0.489186756,0.559645985
12,SF,4,0.312870096,0.55934792,0.358777516,67.41889314,11.45684131,5.347298361,5.579055329,2.480153929,25.76458792,15.95793792,23.15167051,0.024529776,0.046267306,0.529975446,0.623,0.502199191,0.575886864
12,SF,5,0.342633773,0.585349274,0.372163593,67.31433326,11.39547356,5.462450311,5.722358691,2.603843991,32.76701845,22.96036845,23.72808171,0.0258866,0.048333855,0.48329959,0.605,0.566336815,0.615146435
12,SS,1,0.257918044,0.507856322,0.320090282,67.46367257,10.55214211,5.119258007,4.956561321,2.249925921,31.82557246,22.01892246,24.0396044,0.023597801,0.044242737,0.463502763,0.554,0.465556037,0.577780292
12,SS,2,0.245555018,0.495535083,0.310146339,67.55988499,10.24260225,5.064691049,4.881481667,2.204266217,33.51722698,23.71057698,23.85631651,0.022864275,0.041383111,0.429785324,0.528,0.465066323,0.587398369
12,SS,3,0.299699794,0.54744844,0.33274086,67.28366725,10.50193039,5.294599243,5.124381505,2.427552755,38.4081324,28.6014824,24.4479837,0.026241588,0.04654923,0.419504789,0.531,0.564406392,0.626630622
12,SS,4,0.261294488,0.511169725,0.31385693,67.81847283,10.38048979,5.133932043,4.925029952,2.267427802,32.71999364,22.91334364,23.7845226,0.024206444,0.043908831,0.431180572,0.535,0.488400913,0.586648467
12,SS,5,0.31231531,0.558851778,0.35086355,67.52273819,10.63088545,5.345101101,5.165635967,2.488420517,28.31549862,18.50884862,24.42110679,0.026226768,0.047996185,0.457934979,0.539,0.579434713,0.650952782
12,ST,1,0.207045924,0.455022993,0.248230828,67.31370992,6.974091988,4.885275538,3.072946659,2.023635109,60.29871188,50.49206188,51.69897788,0.033711642,0.054819536,0.186570269,0.213,0.972046591,1.165402949
12,ST,2,0.206318523,0.454222988,0.246029235,67.15820489,7.098035464,4.881732564,3.139619282,2.021661182,63.37066345,53.56401345,47.16355962,0.032315574,0.05266895,0.193747072,0.226,0.912913817,1.088624935
12,ST,3,0.21641674,0.465206126,0.259385893,67.21713839,7.293776137,4.930373487,3.25635798,2.07955998,60.61162522,50.80497522,44.4882075,0.032212892,0.051605532,0.207457121,0.241,0.897994773,1.07629001
12,ST,4,0.220323643,0.469386454,0.259385893,67.41309668,7.282869564,4.948886864,3.307101528,2.110690228,64.57350596,54.76685596,45.26983851,0.032379445,0.052516491,0.195303826,0.238,0.925729594,1.089856691
12,ST,5,0.206571492,0.454501366,0.250442228,67.48620457,7.334627916,4.882965416,3.243465407,2.017634157,63.18032,53.37367,42.42392972,0.030539583,0.05017976,0.207912091,0.25,0.826285968,1.001768911
13,SF,1,0.31542367,0.561625916,0.30768487,73.49824471,12.8104409,5.357386899,6.607179422,2.488386422,48.56592173,38.75927173,16.40025561,0.020025372,0.049643255,0.470795413,0.76,0.415031145,0.404848513
13,SF,2,0.313626229,0.560023418,0.378948569,73.45130727,12.57779098,5.350289929,5.640908316,2.483167016,35.00604816,25.19939816,17.43849153,0.023070133,0.046922884,0.542512993,0.737,0.425544408,0.514177163
13,SF,3,0.283803557,0.532732163,0.364102527,73.59874265,11.43703485,5.229425405,4.911427043,2.361698043,44.37372002,34.56707002,21.21408524,0.024244966,0.046929085,0.49485297,0.633,0.448346852,0.575201465
13,SF,4,0.374274509,0.611779788,0.35086355,73.74160117,12.58145098,5.579502876,6.440653478,2.714126478,49.8481175,40.0414675,17.34353445,0.023786633,0.053706836,0.429470818,0.714,0.52419399,0.491405532
13,SF,5,0.32047919,0.566108815,0.369466765,73.92926622,12.61454797,5.377240269,5.548991096,2.508929596,40.36831627,30.56166627,20.40680338,0.024391956,0.048168454,0.527298682,0.738,0.434253645,0.500632472
13,SS,1,0.367274566,0.606031819,0.353491732,73.36048816,10.2612389,5.554046902,5.348016076,2.690413926,33.17235287,23.36570287,27.58623955,0.030182881,0.050884803,0.352273928,0.48,0.765155346,0.736441108
13,SS,2,0.428112404,0.654302991,0.389932017,73.38129918,10.65153668,5.767824982,5.713966633,2.899458083,38.35159682,28.54494682,30.24217375,0.032851155,0.053999424,0.351945351,0.498,0.859663461,0.782996019
13,SS,3,0.361950257,0.601623019,0.345636605,73.17524875,11.39889839,5.534521688,5.930871127,2.665256677,40.44796636,30.64131636,31.75540965,0.028666174,0.049978382,0.454779127,0.598,0.605267987,0.577987634
13,SS,4,0.369449011,0.607823174,0.358777516,73.27804699,10.69085821,5.561980257,5.605712924,2.693137874,43.55806591,33.75141591,31.16608717,0.030630861,0.049823773,0.370674368,0.523,0.706403462,0.685999075
13,SS,5,0.426378418,0.652976583,0.349553136,73.10632474,11.06734838,5.761950734,6.031832561,2.913317861,35.9310909,26.1244409,34.39948608,0.033004249,0.05246779,0.383739506,0.541,0.788130163,0.646124096
13,ST,1,0.356702752,0.597245973,0.3548095,73.66717205,9.025917807,5.515137107,4.608138613,2.646808613,52.47452688,42.66787688,30.85824984,0.034612896,0.056145492,0.265114582,0.358,0.996376403,0.99108799
13,ST,2,0.209710018,0.457941064,5.687508864,72.59421377,7.065468421,4.898198771,3.07448629,2.03498139,54.02896176,44.22231176,51.6378621,0.034345579,0.056242075,0.219146333,0.221,0.948914108,25.73533423
13,ST,3,0.20519,0.452979028,0.261646325,73.66086742,7.396532502,4.876223452,3.295336567,2.020472067,44.06844657,34.26179657,40.80755637,0.030380386,0.054551054,0.230736715,0.257,0.798404669,1.018079087
13,ST,4,0.318654243,0.564494679,0.349553136,73.57231134,8.125760414,5.370091764,3.980553413,2.509555913,52.33544971,42.52879971,37.91426352,0.036998348,0.057023334,0.220554855,0.281,1.134000866,1.243961338
13,ST,5,0.287469305,0.536161641,0.321344307,73.84243789,7.96105555,5.2446135,3.792413455,2.380255855,61.8492581,52.0426081,37.67860433,0.035245621,0.056908695,0.223280573,0.277,1.037795323,1.160087752
14,SF,1,0.297390171,0.545334916,0.364102527,116.5391042,10.4239237,5.2852391,5.084314824,2.426712674,31.7506302,21.9439802,24.47049872,0.024988646,0.046911218,0.416287079,0.524,0.567538494,0.694852151
14,SF,2,0.271692536,0.521241341,0.368122028,116.5146987,10.34664066,5.178536114,5.038410787,2.321968737,28.98612824,19.17947824,25.46914709,0.024485818,0.045925026,0.422919509,0.527,0.515545609,0.698523772
14,SF,3,0.286573486,0.535325589,0.343037843,116.9259188,10.13442924,5.240910888,5.027959892,2.380164392,45.10719313,35.30054313,23.01055256,0.024198797,0.047160897,0.334573861,0.499,0.574295564,0.687450587
14,SF,4,0.295512441,0.54361056,0.328919944,116.859434,10.41628706,5.277602461,5.327615314,2.415040264,38.74235777,28.93570777,23.360031,0.023857593,0.047790158,0.341109999,0.524,0.56395504,0.627709817
14,SF,5,0.274920413,0.524328535,0.33146477,116.901825,10.53683259,5.192208342,5.286936537,2.335134887,36.88864566,27.08199566,24.71466976,0.023665052,0.045402021,0.396817969,0.545,0.504441126,0.608192239
14,SS,1,0.315588596,0.561772726,0.346939664,116.4272877,9.820062825,5.358037075,4.934081745,2.492225895,39.25222419,29.44557419,25.16076821,0.027425125,0.050866541,0.312174623,0.455,0.69360131,0.762504755
14,SS,2,0.317765874,0.563707259,0.337869738,116.1405679,9.96592337,5.36660452,4.994396191,2.503507091,45.028366,35.221716,24.18732791,0.026496033,0.051786409,0.325635092,0.469,0.677539176,0.720404559
14,SS,3,0.253599351,0.503586488,0.317589586,116.2619412,9.738893682,5.100348232,4.587882666,2.234286666,35.80733261,26.00068261,24.21385683,0.024076297,0.045325186,0.37180797,0.473,0.536150848,0.671436757
14,SS,4,0.252328892,0.502323493,0.269635068,116.1088754,9.98827317,5.09475482,4.813740018,2.224784418,41.54393868,31.73728868,23.65874263,0.023059892,0.045283901,0.359424918,0.499,0.505669123,0.540350837
14,SS,5,0.226280911,0.475689932,0.287158325,117.1635567,9.566315214,4.976803014,4.527776682,2.115340782,43.11938065,33.31273065,23.5471684,0.022785276,0.041890904,0.332546175,0.468,0.483506219,0.613586165
14,ST,1,0.22056418,0.469642609,0.268486464,116.5817629,8.735388194,4.950021294,3.935198771,2.081741921,39.8916596,30.0850096,23.54965247,0.024336228,0.044636221,0.289100252,0.386,0.571409793,0.695560787
14,ST,2,0.2499329,0.499932895,0.323859713,116.4332841,8.761661352,5.084167602,4.086168649,2.222905149,46.95908085,37.15243085,26.63740034,0.027005479,0.047070662,0.282597686,0.375,0.666487734,0.863625901
14,ST,3,0.222234276,0.471417306,0.301574101,116.3760309,8.527501474,4.957880874,3.878698359,2.103694709,53.20631708,43.39966708,25.77145807,0.025660178,0.045521233,0.267129514,0.364,0.610533724,0.828500277
14,ST,4,0.23726243,0.487095915,0.294322083,117.025624,8.724423636,5.027316586,4.04885489,2.16597809,37.20484328,27.39819328,26.10291572,0.025480899,0.046334152,0.280031387,0.377,0.629343317,0.780695181
14,ST,5,0.225292039,0.474649385,0.306457813,116.6888771,8.404522258,4.972194758,3.760149946,2.112632746,43.8235428,34.0168928,27.0010311,0.02654831,0.047221467,0.278558957,0.35,0.64369154,0.87559375
15,SF,1,0.277514889,0.526796819,0.334019402,101.9561562,9.743618555,5.203139605,4.57829245,2.34237625,31.92323173,22.11658173,24.10418451,0.026592721,0.047762141,0.394540726,0.463,0.599384209,0.721424195
15,SF,2,0.278742953,0.527961128,0.337869738,102.265225,10.36659387,5.20829597,4.894882692,2.345153692,26.59075946,16.78410946,24.19620158,0.025006809,0.044995779,0.457691215,0.526,0.529929568,0.642337905
15,SF,3,0.241398487,0.4913232,0.311380751,102.7797142,8.017452873,5.046037923,3.685817653,2.185400203,44.12388218,34.31723218,33.70324608,0.030342128,0.051791824,0.249600573,0.303,0.796694676,1.027659244
15,SF,4,0.295082726,0.543215175,0.339158087,102.8376009,10.14975647,5.27585142,4.946563908,2.406641558,32.43444004,22.62779004,24.66033803,0.026413693,0.047614303,0.387686103,0.497,0.593727818,0.682410638
15,SF,5,0.29012157,0.538629344,0.348245174,102.1022703,10.48248664,5.255542194,5.055445617,2.388036817,34.03812657,24.23147657,24.99386147,0.02541444,0.045338221,0.434201902,0.533,0.544318142,0.653368056
15,SS,1,0.280046617,0.529194309,0.334019402,102.263189,8.489178448,5.213757348,4.096546706,2.350963006,35.69964946,25.89299946,28.41745919,0.03078617,0.05313736,0.253643225,0.334,0.838462926,1.000058091
15,SS,2,0.308492218,0.555420758,0.345636605,102.1608007,7.967895021,5.329906171,3.914544692,2.482773792,45.46048944,35.65383944,38.50478827,0.037537534,0.062663985,0.209053262,0.269,1.146811219,1.284894443
15,SS,3,0.298667785,0.546505064,0.360105091,102.5141103,8.379516071,5.290421321,4.05653718,2.42863328,37.61657774,27.80992774,31.65720299,0.033461166,0.056957515,0.241565806,0.315,0.948151697,1.143190766
15,SS,4,0.227870295,0.477357618,0.296729616,102.6318723,7.68101743,4.98418868,3.539923874,2.127766274,46.97614778,37.16949778,37.10436061,0.030513176,0.05154282,0.217885172,0.275,0.828619254,1.079016784
15,SS,5,0.241785163,0.491716547,0.296729616,102.5573382,7.401375939,5.047779939,3.462468814,2.197410964,49.66480304,39.85815304,44.7515515,0.034075961,0.05593807,0.198402312,0.24,1.007438181,1.236373399
15,ST,1,0.171360568,0.413957206,0.231957918,101.6700326,6.615704626,4.703407876,2.866037096,1.855952146,60.39311528,50.58646528,52.35702068,0.030208002,0.052931147,0.171322719,0.195,0.878772145,1.189527786
15,ST,2,0.166636599,0.408211464,0.258259354,101.9791354,6.590258514,4.677961764,2.849551813,1.849273513,65.67627757,55.86962757,53.34895203,0.029692775,0.05199149,0.173137192,0.195,0.854546664,1.324406941
15,ST,3,0.170876312,0.413371881,0.249335302,102.72468,6.907311902,4.700815652,3.004643479,1.837652129,50.03335127,40.22670127,46.28946032,0.028171843,0.048956652,0.192093222,0.225,0.759450275,1.108156898
15,ST,4,0.20429524,0.45199031,0.283609544,102.1707404,6.813561422,4.871844722,3.075664949,2.036160049,58.20286687,48.39621687,53.71939148,0.033814377,0.058715331,0.171766148,0.198,1.03179414,1.432371433
15,ST,5,0.227890013,0.47737827,0.291924357,102.6952573,6.837736993,4.984280143,3.135411687,2.135133387,64.78147262,54.97482262,56.00579959,0.037323387,0.063390656,0.163983796,0.189,1.205767263,1.544573319
16,SF,1,0.329143074,0.573709921,0.373515685,71.91711543,12.00097202,5.410903219,6.06339002,2.55260932,26.23603559,16.42938559,26.11756588,0.024926331,0.045658531,0.573382944,0.672,0.489796241,0.555826912
16,SF,2,0.377832155,0.614680531,0.370813953,71.83743528,12.22164477,5.592349367,6.315611675,2.736184425,35.12597562,25.31932562,29.8853932,0.027230196,0.048203007,0.568287127,0.676,0.558923305,0.548541351
16,SF,3,0.323182738,0.568491634,0.416646558,72.22352152,11.94844189,5.38779304,5.837294016,2.522646316,28.80003572,18.99338572,28.14830899,0.025039735,0.044615329,0.622515514,0.669,0.483083316,0.622790071
16,SF,4,0.333231463,0.57726204,0.369466765,72.49156799,11.85979685,5.426634454,6.054071145,2.572710395,30.8848334,21.0781834,30.5587265,0.026096217,0.046201689,0.5718649,0.656,0.507974792,0.563211531
16,SF,5,0.326199704,0.571138953,0.376227224,72.33249565,11.9307461,5.399517195,5.916491214,2.533196964,30.75173862,20.94508862,29.61324617,0.025486353,0.044881025,0.624168456,0.666,0.489789345,0.564905742
16,SS,1,0.329231515,0.573786994,0.377586671,72.21943249,10.8147087,5.411244551,5.301441202,2.545772552,34.82746836,25.02081836,24.60958136,0.026720154,0.048781144,0.452165549,0.551,0.597516361,0.685275265
16,SS,2,0.331018076,0.575341704,0.365439909,72.01604823,11.50805953,5.418129878,5.620865626,2.551384176,27.91961027,18.11296027,25.60748674,0.026036553,0.046620833,0.544842745,0.621,0.53304038,0.588470063
16,SS,3,0.30792593,0.554910741,0.35086355,71.95594257,12.10404261,5.327647462,6.019496369,2.469489069,26.54638285,16.73973285,26.03718238,0.023953561,0.045321293,0.580405615,0.691,0.445623632,0.507762011
16,SS,4,0.260226781,0.51012428,0.362767597,72.7794769,11.16039184,5.129302088,5.142947929,2.259792829,24.62246331,14.81581331,23.25724328,0.022613936,0.041217633,0.571447572,0.615,0.423132977,0.589866011
16,SS,5,0.301335496,0.548940339,0.426711858,72.53880016,11.4597826,5.301206401,5.467271572,2.437016722,26.15565733,16.34900733,23.68194671,0.024556746,0.044983291,0.522829433,0.628,0.479833592,0.679477481
16,ST,1,0.226531233,0.475952974,0.273095589,72.09512536,7.468857045,4.977967945,3.481671593,2.108740593,71.27444434,61.46779434,42.19217298,0.030835063,0.049466416,0.180967618,0.254,0.891855247,1.075179485
16,ST,2,0.214855528,0.46352511,0.258259354,72.12731587,7.080391788,4.922928788,3.262273483,2.085475483,63.25010081,53.44345081,44.22055585,0.032679253,0.057316312,0.1678732,0.22,0.976616038,1.173906153
16,ST,3,0.185624265,0.430841346,0.23732093,72.6106207,7.337718158,4.778182508,3.286928726,1.933611026,56.07843537,46.27178537,39.5307184,0.027271924,0.04512984,0.207937161,0.261,0.711204082,0.909275594
16,ST,4,0.206062962,0.453941584,0.262780219,72.28765185,7.028142664,4.880486314,3.156047183,2.028282433,57.27188384,47.46523384,44.1982817,0.032102884,0.054343873,0.181287532,0.219,0.940926766,1.199909677
16,ST,5,0.234723502,0.484482716,0.290729172,72.48379308,7.840058734,5.015743534,3.563596689,2.151439089,49.40925203,39.60260203,37.24791275,0.030961453,0.050372273,0.245326488,0.288,0.815012158,1.009476291
17,SF,1,0.074262087,0.27251071,0.086734916,83.41595378,7.930998568,4.076985118,3.143513898,1.221410498,33.48939709,23.68274709,26.06311984,0.014130452,0.024730309,0.316827156,0.393,0.188962054,0.220699532
17,SF,2,0.144844783,0.380584791,0.17238252,83.18716131,8.821504526,4.555611776,3.879454052,1.692571102,32.36256602,22.55591602,23.71940536,0.018787888,0.034079768,0.326760601,0.435,0.332976513,0.396281654
17,SF,3,0.310838034,0.557528505,0.305233207,83.24539693,9.663973381,5.339240731,4.806821275,2.472838575,32.18159921,22.37494921,24.42717646,0.028342818,0.052475268,0.293153208,0.441,0.704848149,0.692138792
17,SF,4,0.235050368,0.484819934,0.267340311,83.5397392,9.73423562,5.01723697,4.552973455,2.150344205,29.33609829,19.52944829,23.43686991,0.023445665,0.043647792,0.372103795,0.481,0.488670205,0.555801063
17,SF,5,0.301615238,0.549195082,0.291924357,82.99582731,10.87251178,5.302334578,5.517098809,2.447617359,26.35759014,16.55094014,26.19444941,0.025676371,0.046901266,0.418722391,0.568,0.531012742,0.513951333
17,SS,1,0.301002627,0.548637063,0.341742139,83.20000092,9.428462936,5.299863286,4.53382495,2.43520185,32.68509579,22.87844579,25.84483144,0.028920255,0.050388587,0.324535664,0.421,0.71497061,0.811739048
17,SS,2,0.282980774,0.531959373,0.312617615,83.06087572,9.256536105,5.226002955,4.526144189,2.358874539,46.42197625,36.61532625,24.81252433,0.027944899,0.049445163,0.281111497,0.411,0.688517697,0.760626799
17,SS,3,0.299481963,0.547249452,0.31385693,83.07777726,8.990825039,5.293717989,4.330815855,2.428325755,41.95742971,32.15077971,26.17113832,0.030295725,0.053045502,0.27442725,0.377,0.794381865,0.83251175
17,SS,4,0.210646296,0.458962195,0.281255948,83.59229693,8.138915546,4.902721046,3.669942462,2.051845212,39.99184282,30.18519282,32.27474419,0.027039515,0.048245489,0.264687971,0.33,0.63832211,0.852290751
17,SS,5,0.349180865,0.590915277,0.377586671,83.24331006,9.380340467,5.487100417,4.733344574,2.624914824,42.91263763,33.10598763,26.43431644,0.031902061,0.054562317,0.280684965,0.397,0.87954878,0.951099926
17,ST,1,0.030595705,0.17491628,0.068853715,83.20595322,5.900299089,3.644769589,1.922158557,0.774780507,56.61806419,46.81141419,31.20101266,0.009887977,0.018498671,0.187302756,0.23,0.133024805,0.29936398
17,ST,2,0.132661851,0.364227746,0.159751554,83.10291106,7.297680036,4.483171486,3.078857007,1.617666157,40.46308315,30.65643315,30.48352901,0.021245341,0.036620687,0.215968515,0.287,0.462236414,0.556625625
17,ST,3,0.224698588,0.474023826,0.247128806,83.25801973,9.480483353,4.969424353,4.349370201,2.103647351,25.84123436,16.03458436,23.4128797,0.023631635,0.043185681,0.348757481,0.46,0.488475192,0.537236534
17,ST,4,0.210499725,0.45880249,0.203057721,82.62056497,7.736135613,4.902013763,3.549403289,2.048985839,66.18666917,56.38001917,32.52301653,0.028002285,0.046586771,0.189737136,0.289,0.728372751,0.702621871
17,ST,5,0.132955109,0.364630099,0.163311368,76.43678904,7.525014882,4.484953382,3.213310084,1.624632784,58.14791615,48.34126615,28.77344833,0.019887188,0.033573268,0.229054324,0.31,0.428887447,0.526810865
18,SF,1,0.237914472,0.487764771,0.281255948,76.48697872,10.23760989,5.030278742,4.742133315,2.172791015,32.39767136,22.59102136,24.05599006,0.022578959,0.040206172,0.445672085,0.531,0.448049853,0.529672218
18,SF,2,0.277732915,0.527003714,0.312617615,76.34812454,10.53887348,5.20405588,4.983007013,2.335211513,32.2523967,22.4457467,23.89318678,0.024969164,0.042895942,0.444593997,0.544,0.510538447,0.574664733
18,SF,3,0.28262753,0.531627247,0.317589586,76.56407062,10.92219573,5.224532077,5.350882361,2.369660761,27.25730206,17.45065206,27.24724512,0.024289429,0.042010873,0.485228375,0.581,0.486450138,0.546625794
18,SF,4,0.228401785,0.477913993,0.265055362,76.53626727,9.988044195,4.986652695,4.63825932,2.12775692,30.14009021,20.33344021,22.80840264,0.022397749,0.040894576,0.417364612,0.51,0.447846637,0.519716396
18,SF,5,0.272308527,0.521831895,0.289536438,76.42479297,10.67287549,5.181151493,5.1452528,2.31113095,33.0121928,23.2055428,23.89316253,0.02411,0.041925529,0.442552284,0.56,0.486265226,0.517029353
18,SS,1,0.179208163,0.423329851,0.265055362,76.32221156,9.736501273,4.744916423,4.063135406,1.886059106,35.11677591,25.31012591,21.20287092,0.01986772,0.036298886,0.424006316,0.509,0.352078906,0.52073745
18,SS,2,0.201471481,0.448855746,0.260514883,76.65267075,9.888774162,4.857962712,4.479824012,1.998741562,36.18047451,26.37382451,21.61216281,0.020434244,0.037897929,0.411230753,0.513,0.392731932,0.507826283
18,SS,3,0.234223234,0.48396615,0.258259354,76.13620651,10.02465397,5.013455822,4.722116671,2.152774371,33.71497107,23.90832107,22.95373095,0.022286284,0.040390647,0.385016104,0.511,0.458362492,0.505399909
18,SS,4,0.210371761,0.458663015,0.239483296,76.75054318,9.14767552,4.90139607,4.16600094,2.03795789,40.56336113,30.75671113,23.01925077,0.022841007,0.041584152,0.321956161,0.433,0.485847024,0.553079206
18,SS,5,0.225205251,0.474557953,0.278912158,76.53301163,10.12028109,4.971789836,4.732890387,2.104708187,33.7322411,23.9255911,22.91834547,0.022147874,0.039724187,0.399644677,0.525,0.428962384,0.531261254
18,ST,1,0.214283873,0.462908061,0.247128806,76.50515745,8.009290817,4.920196067,3.639051396,2.060180746,46.77292511,36.96627511,31.87811229,0.027097284,0.04451652,0.255859381,0.315,0.680266264,0.784535892
18,ST,2,0.195431009,0.442075796,0.257135266,76.56064221,7.73070481,4.82793641,3.385638789,1.983287839,48.28185727,38.47520727,36.49107321,0.027027071,0.045210912,0.257299653,0.296,0.660239896,0.868700224
18,ST,3,0.149116879,0.386156547,0.15886773,76.49410657,8.01261486,4.58028736,3.523894743,1.719471143,46.68542663,36.87877663,27.46250782,0.020466396,0.035646237,0.254254429,0.35,0.426048225,0.4539078
18,ST,4,0.317439471,0.56341767,0.365439909,65.00248077,8.120990672,5.365322022,3.914833357,2.512482407,74.94975487,65.14310487,34.27392268,0.038027856,0.063534236,0.193089006,0.281,1.129677833,1.300497897
18,ST,5,0.318481337,0.564341507,0.3548095,65.18424095,7.889722462,5.369413412,3.834131706,2.520040606,40.7925284,30.9858784,40.7925284,0.039806026,0.064518085,0.203438393,0.257,1.239226993,1.380581713
19,SF,1,0.434085701,0.658851805,0.45463752,64.29959479,10.89723492,5.787970275,5.625474098,2.918838698,29.99085774,20.18420774,29.91651823,0.033804218,0.058981803,0.435899889,0.521,0.83317793,0.872624798
19,SF,2,0.413092813,0.642722968,0.462133478,65.10078006,10.83561194,5.716540644,5.641071116,2.855982516,31.31851874,21.51186874,31.05185526,0.032620522,0.054826889,0.444618975,0.522,0.791365543,0.885313176
19,SF,3,0.496243351,0.704445421,0.516321348,64.99553925,11.16780149,5.989890289,5.924156095,3.129260845,29.063533,19.256883,29.06014815,0.035446963,0.063471173,0.424555894,0.528,0.939854831,0.977881342
19,SF,4,0.437760119,0.66163443,0.465149023,65.15753862,11.64505706,5.800293659,5.936653275,2.935818375,28.00458763,18.19793763,27.99292359,0.031955968,0.055765853,0.50245974,0.596,0.734496844,0.780451381
19,SF,5,0.409649482,0.640038657,0.442771473,65.4405285,11.08850351,5.704652661,5.762208048,2.849632998,27.60323062,17.79658062,27.15427336,0.030411949,0.056160378,0.436905816,0.549,0.74617392,0.806505416
19,SS,1,0.449794171,0.67066696,0.50210048,64.97506023,10.45922809,5.840295938,5.413180977,2.971325127,30.60297279,20.79632279,30.08939111,0.035769681,0.059425991,0.402355981,0.471,0.954977009,1.066030743
19,SS,2,0.440381216,0.663612248,0.478840332,64.85382241,10.7712177,5.809052802,5.685711363,2.959462663,31.48804379,21.68139379,31.4747832,0.034697267,0.056554458,0.430615321,0.506,0.870318608,0.946324767
19,SS,3,0.457416169,0.67632549,0.509976446,64.92576153,10.11163527,5.865355817,5.301081064,3.006324964,31.0499246,21.2432746,30.32971741,0.037402638,0.062807273,0.353506606,0.433,1.05638838,1.177774702
19,SS,4,0.495674793,0.704041755,0.522705477,65.26091616,10.36186848,5.988102578,5.618148757,3.137066307,32.17423419,22.36758419,31.33590701,0.038215625,0.063456861,0.34447197,0.446,1.111378459,1.171985376
19,SS,5,0.460373125,0.678508014,0.617941533,65.30454036,11.15099924,5.87502154,5.722761739,3.016126339,33.15787827,23.35122827,32.27187556,0.035081436,0.056411337,0.530435426,0.538,0.855712128,1.14859021
19,ST,1,0.247623466,0.497617791,0.281255948,65.04952662,7.123504568,5.073914718,3.331201183,2.232856383,61.03918363,51.23253363,45.65336836,0.036736222,0.058576155,0.15320068,0.209,1.184801271,1.345722238
19,ST,2,0.324748939,0.569867475,0.349553136,65.00705086,7.99264846,5.39388621,3.959585331,2.527814431,67.77341752,57.96676752,36.86538565,0.038914338,0.064513744,0.173356531,0.265,1.225467693,1.319068437
19,ST,3,0.320463513,0.566094968,0.360105091,64.80359546,7.505221995,5.377178945,3.678198537,2.530820487,63.77763411,53.97098411,52.78025048,0.044476182,0.073794944,0.162559523,0.217,1.476790381,1.659470467
19,ST,4,0.23556706,0.485352511,0.239483296,79.57326672,7.775264238,5.019595588,3.565979527,2.163628577,47.95655824,38.14990824,37.24793668,0.031095076,0.052097034,0.233905747,0.281,0.838316938,0.852253724
19,ST,5,0.210219516,0.458497019,0.23732093,81.01222519,7.793622672,4.900660922,3.656053321,2.047762721,50.67383336,40.86718336,38.08499264,0.028510135,0.053001649,0.224348659,0.295,0.712608528,0.804477729
20,SF,1,0.335879706,0.579551297,0.3548095,80.39346749,9.496725963,5.436772863,4.708801061,2.580758011,28.6967346,18.8900846,28.11733429,0.031066267,0.052321964,0.324469172,0.414,0.811303637,0.857027779
20,SF,2,0.371037603,0.60912856,0.378948569,80.94141082,10.38282656,5.56776141,5.418528669,2.711893269,29.1785129,19.3718629,29.01567907,0.030613834,0.051452097,0.367298912,0.491,0.755677399,0.771789347
20,SF,3,0.392564705,0.626549842,0.413792823,80.79754952,10.68553298,5.644914878,5.478465345,2.781636595,32.33365387,22.52700387,31.42793333,0.03233482,0.051450898,0.447342887,0.514,0.763744563,0.805044402
20,SF,4,0.362588388,0.602153127,0.373515685,80.82701627,10.65594067,5.536869371,5.4616108,2.6765222,34.50566566,24.69901566,32.95111119,0.030676768,0.047872239,0.454005696,0.522,0.694613769,0.71554729
20,SF,5,0.309349538,0.556191997,0.356129721,80.846855,10.6387194,5.333321753,5.255814898,2.480532948,30.66736486,20.86071486,30.58288414,0.028146581,0.043781347,0.4850645,0.541,0.571810606,0.658280445
20,SS,1,0.342310773,0.585073306,0.388550505,80.6634416,10.50184623,5.46122813,5.220936048,2.592753848,29.09347721,19.28682721,28.90218857,0.029508292,0.050184733,0.440910255,0.514,0.665974266,0.755934836
20,SS,2,0.314010993,0.560366838,0.349553136,80.40596495,10.18648928,5.35181083,4.968923578,2.487841128,28.61914538,18.81249538,28.30374589,0.0284771,0.047740216,0.435588867,0.493,0.636939134,0.70903273
20,SS,3,0.355766875,0.596461964,0.383048975,80.51021992,10.62092963,5.511664977,5.413511048,2.648035748,31.35179611,21.54514611,31.15877714,0.030380724,0.04898338,0.432437559,0.521,0.682853887,0.735218762
20,SS,4,0.285097759,0.533945464,0.366779742,80.94826765,10.55000304,5.234798743,5.172866291,2.377971041,31.30826729,21.50161729,31.28751329,0.02700211,0.043776794,0.499154757,0.542,0.526010626,0.676715392
20,SS,5,0.445916223,0.667769588,0.450169365,80.63715934,10.90730908,5.827464376,5.74267588,2.96739393,35.14483922,25.33818922,34.75928496,0.034933547,0.053962685,0.452092133,0.518,0.86084213,0.869052828
20,ST,1,0.225574528,0.474946869,0.316342916,80.68924279,7.631114368,4.973512218,3.462084292,2.108766592,46.03091901,36.22426901,37.25217757,0.030546482,0.05078288,0.22474247,0.271,0.832378331,1.167317032
20,ST,2,0.212983539,0.461501397,0.241655469,80.79802042,7.895187984,4.913966384,3.66509264,2.05680204,46.00842917,36.20177917,35.58861944,0.027821925,0.04809024,0.242010515,0.304,0.700603747,0.794919307
20,ST,3,0.313234198,0.559673296,0.327651209,80.42514984,8.918359946,5.348739346,4.355819488,2.492555988,42.88782808,33.08117808,30.46646484,0.032340218,0.053694886,0.293076135,0.364,0.860533511,0.900140684
20,ST,4,0.188923427,0.434653226,0.21315857,83.11471403,8.080291894,4.795064144,3.646801635,1.930637885,43.61971334,33.81306334,29.28675179,0.024274661,0.043067176,0.240713428,0.335,0.563950527,0.636294239
20,ST,5,0.19749994,0.444409653,0.225603209,83.1392753,8.368666344,4.838272344,3.801622866,1.977585966,36.87102142,27.06437142,26.27254077,0.024176829,0.043689885,0.264740341,0.36,0.548610945,0.626675581
21,SF,1,0.401074809,0.633304673,0.465149023,82.12389542,10.10743573,5.674829932,5.055796159,2.810073309,29.86767722,20.06102722,29.70292614,0.034710908,0.059228263,0.414449299,0.452,0.887333648,1.029090758
21,SF,2,0.419385554,0.647599841,0.474254497,81.88104712,10.27861776,5.738138808,5.214707005,2.880724305,30.42682144,20.62017144,29.32546767,0.03466882,0.060973658,0.420764315,0.463,0.905800334,1.02430777
21,SF,3,0.38457245,0.620139057,0.457628548,81.82966833,10.29429554,5.616523493,5.156781625,2.763959025,30.0871316,20.2804816,27.92727927,0.031919459,0.057904654,0.440025844,0.477,0.806231552,0.95938899
21,SF,4,0.426557376,0.653113601,0.484989102,82.10218325,10.52858944,5.762557545,5.360913468,2.899444318,31.03486289,21.22821289,29.80030376,0.034574147,0.059115979,0.455075123,0.486,0.877690074,0.997919962
21,SF,5,0.438895369,0.662491788,0.521105768,82.01199766,10.37398953,5.80409063,5.382088568,2.940232718,30.15449045,20.34784045,29.51641308,0.03545519,0.059620102,0.401546763,0.466,0.941835555,1.11825272
21,SS,1,0.384468899,0.620055561,0.431062333,81.97303162,9.911466417,5.616153717,5.057600003,2.762843903,34.46999512,24.66334512,29.2213177,0.032904126,0.05752831,0.368693393,0.438,0.877782875,0.984160578
21,SS,2,0.421171613,0.648977359,0.45912774,82.16744509,9.578639559,5.744239409,4.950664519,2.891268019,33.09680612,23.29015612,32.35770562,0.037585381,0.061717613,0.325604841,0.391,1.07716525,1.174239743
21,SS,3,0.378794016,0.615462441,0.494285806,82.04650878,9.704798557,5.595812207,4.859584593,2.731541543,31.64327207,21.83662207,30.22834289,0.034453646,0.05854577,0.373756139,0.419,0.904042998,1.179679727
21,SS,4,0.425720848,0.652472871,0.43689729,82.22591108,9.643153351,5.759719951,5.11663385,2.90033095,36.8037272,26.9970772,30.47190316,0.036864979,0.062737568,0.286060316,0.396,1.075052647,1.103275985
21,SS,5,0.369126022,0.607557423,0.438362158,82.00087902,9.248103728,5.560803328,4.594074716,2.701391266,34.35475368,24.54810368,33.64549299,0.036058793,0.060394505,0.338660315,0.376,0.981718144,1.165856804
21,ST,1,0.257339583,0.50728649,0.381679721,82.60591968,7.480137046,5.116734396,3.491605337,2.255967437,47.39333471,37.58668471,44.21353838,0.036321982,0.06352605,0.205093718,0.241,1.067799101,1.583733284
21,ST,2,0.311680845,0.558283839,0.392702396,82.09569569,7.931541471,5.342585871,3.816915154,2.473404104,44.00023618,34.19358618,43.1433094,0.03980107,0.06561829,0.222540252,0.264,1.18060926,1.487509075
21,ST,3,0.32399475,0.569205367,0.405290457,81.89751842,8.02894279,5.39095394,3.896200534,2.523269534,43.09129346,33.28464346,43.07261158,0.040215478,0.065656159,0.229964383,0.269,1.204441448,1.506655974
21,ST,4,0.287785718,0.536456632,0.377586671,82.06010387,8.168301628,5.245919928,3.891001595,2.390584145,39.40514145,29.59849145,39.06807144,0.034993043,0.059459065,0.264061647,0.298,0.965723886,1.267069365
21,ST,5,0.315515882,0.561708004,0.366779742,81.69120713,7.92709274,5.35775044,3.896301342,2.503757042,48.44842106,38.64177106,43.52194226,0.039510533,0.065531382,0.211295128,0.262,1.204259091,1.399922681
22,SF,1,0.288750869,0.53735544,0.304011053,60.84875994,9.231400369,5.249900469,4.420953858,2.381170658,42.87630516,33.06965516,28.01667613,0.028983323,0.050988744,0.335703841,0.406,0.711209036,0.748795698
22,SF,2,0.311586458,0.5581993,0.322600784,60.98784449,9.294291424,5.342211474,4.554726558,2.475716758,42.95314947,33.14649947,28.01476285,0.030395064,0.053102337,0.313248045,0.403,0.77316739,0.800498224
22,SF,3,0.324979899,0.570070083,0.328919944,61.05106012,9.2586036,5.3947835,4.611969464,2.532959664,45.17841286,35.37176286,27.81098308,0.031391382,0.054360282,0.298222412,0.394,0.82482208,0.834822194
22,SF,4,0.276921184,0.526233013,0.315098697,61.36072862,9.015429533,5.200642683,4.315687263,2.334743963,35.60502049,25.79837049,28.00406772,0.028720972,0.050242343,0.315580985,0.389,0.711879651,0.810022357
22,SF,5,0.291289659,0.539712571,0.31385693,61.15030798,9.212419423,5.260339473,4.387934973,2.406991673,41.85310074,32.04645074,28.01326856,0.02956734,0.052002964,0.333040557,0.403,0.722803125,0.778801315
22,SS,1,0.356449165,0.597033638,0.3548095,61.14318352,9.858542691,5.514196741,5.133779056,2.652696606,37.01786315,27.21121315,26.89899193,0.030661648,0.053802847,0.302702632,0.443,0.804625654,0.80092438
22,SS,2,0.327117578,0.571941936,0.334019402,61.52949335,8.962887307,5.403073357,4.491349432,2.539826082,52.84295096,43.03630096,27.94058437,0.032408406,0.055477129,0.246564662,0.363,0.901150353,0.920163643
22,SS,3,0.336468666,0.580059192,0.366779742,61.05961083,9.567621821,5.439022171,4.793016136,2.576713236,38.22002742,28.41337742,28.02638236,0.030721343,0.052401372,0.329691789,0.421,0.799212983,0.87121079
22,SS,4,0.373084223,0.610806207,0.370813953,61.10711741,9.34094479,5.57519119,4.812563863,2.723747413,42.05369372,32.24704372,30.03430824,0.034198314,0.057711818,0.285038211,0.384,0.971573498,0.965661336
22,SS,5,0.40063347,0.632956136,0.374870229,60.57819637,9.164453768,5.673286368,4.790529223,2.809585923,47.80630942,37.99965942,33.09309488,0.037957146,0.061990747,0.253981494,0.356,1.125374916,1.05300626
22,ST,1,0.226005128,0.475399966,0.285972946,61.29721148,6.907428898,4.975518848,3.120395942,2.110310992,61.46038146,51.65373146,53.62870383,0.037234572,0.065036851,0.175398162,0.197,1.147234152,1.451639322
22,ST,2,0.172830481,0.415728855,0.249335302,60.85671102,6.486257611,4.711253961,2.763704811,1.861493011,65.12083768,55.31418768,57.5307134,0.032482503,0.058125729,0.170254507,0.181,0.954864534,1.377543105
22,ST,3,0.276401374,0.525738884,0.326384925,61.1555353,7.699150088,5.198454338,3.659374395,2.355089945,44.64142104,34.83477104,41.80161268,0.036537231,0.05955988,0.211904241,0.255,1.083926958,1.279940884
22,ST,4,0.28177776,0.53082743,0.334019402,61.19257369,7.780525581,5.220989931,3.709233103,2.375528703,50.27064257,40.46399257,43.01338939,0.036725574,0.059873605,0.220979897,0.261,1.079608275,1.279767825
22,ST,5,0.228758207,0.478286741,0.320090282,60.70420755,7.32228618,4.98830348,3.252895112,2.134937012,45.55779759,35.75114759,45.51743794,0.034476719,0.056200115,0.226009043,0.238,0.961168935,1.344917151
23,SF,1,0.230554314,0.480160717,0.249335302,74.3145089,9.380175289,4.996602739,4.505884247,2.142481597,47.84018696,38.03353696,27.58438467,0.02358852,0.039592584,0.340823051,0.447,0.515781463,0.557797096
23,SF,2,0.273591698,0.523059937,0.284790019,74.24664188,9.275963163,5.186590113,4.586750813,2.321414663,40.30108197,30.49443197,28.65382119,0.026748355,0.044748252,0.314109727,0.417,0.656095199,0.682949687
23,SF,3,0.259478096,0.509389925,0.275414862,74.47695884,9.45078251,5.12604986,4.675799071,2.273169821,35.46103441,25.65438441,30.6059758,0.025806664,0.042277383,0.351483424,0.441,0.588385706,0.624523496
23,SF,4,0.286526407,0.535281615,0.301574101,74.43207778,9.320282541,5.240716141,4.661666722,2.386523922,50.72530705,40.91865705,29.16833796,0.027683598,0.046252849,0.307613527,0.416,0.688765403,0.724937742
23,SF,5,0.259234739,0.509150998,0.28243152,74.43052618,9.420304423,5.124991723,4.578723307,2.264353907,40.39767222,30.59102222,29.6281662,0.025773006,0.042009681,0.354335667,0.438,0.591860134,0.644820822
23,SS,1,0.325940717,0.57091218,0.330191131,74.2059989,9.625179036,5.398512886,4.935990559,2.543167959,37.22596611,27.41931611,37.22596611,0.0304738,0.044933994,0.351104229,0.431,0.756242963,0.766104713
23,SS,2,0.282668251,0.531665544,0.311380751,74.41068406,9.676920782,5.224701682,4.809878911,2.368023061,34.66948372,24.86283372,34.4938369,0.027226228,0.042545438,0.386826692,0.454,0.622617293,0.685860685
23,SS,3,0.259845832,0.509750755,0.289536438,74.64222401,8.648235212,5.127647862,4.2269606,2.27543725,44.47362125,34.66697125,31.28805486,0.027776906,0.04699216,0.271618666,0.359,0.723804547,0.806508184
23,SS,4,0.292193265,0.54054904,0.311380751,74.39638094,9.529936686,5.264043936,4.866085023,2.424229173,41.25818973,31.45153973,40.96892835,0.028779306,0.040504776,0.374625664,0.435,0.671708655,0.715817818
23,SS,5,0.287842549,0.536509598,0.290729172,74.46771364,9.639533697,5.246154497,4.885475224,2.384779474,38.14941887,28.34276887,38.01110389,0.028451876,0.041017081,0.370554926,0.448,0.642505689,0.648949044
23,ST,1,0.216716451,0.465528142,0.269635068,74.35790613,7.226555695,4.931799595,3.295355098,2.089137148,55.53397366,45.72732366,42.56346318,0.032117195,0.054034681,0.2001894,0.234,0.926138681,1.152286614
23,ST,2,0.233488209,0.483206176,0.259385893,74.35265171,7.461752637,5.010090137,3.466556997,2.142659247,55.88610365,46.07945365,40.60635271,0.032024619,0.049997785,0.194427487,0.25,0.933952836,1.03754357
23,ST,3,0.201235981,0.448593336,0.236243424,74.41498991,7.887055427,4.856800577,3.671454103,2.004323603,49.74978838,39.94313838,34.66626822,0.026184109,0.043220941,0.23237642,0.309,0.651249129,0.764541826
23,ST,4,0.218481604,0.467420158,0.240568157,74.56620264,7.460487798,4.940178748,3.50261527,2.10026432,64.51206887,54.70541887,40.8404866,0.03017892,0.049813148,0.190256027,0.257,0.850122974,0.936062868
23,ST,5,0.188103809,0.43370936,0.265055362,73.8620327,7.193513305,4.790884055,3.154076479,1.938051879,47.54824463,37.74159463,42.04474053,0.028853002,0.047771892,0.202906989,0.245,0.76777065,1.081858621
24,SF,1,0.290486894,0.538968361,0.370813953,82.81985343,11.46465305,5.257043598,5.12301939,2.39677069,33.10546791,23.29881791,21.31964652,0.023407857,0.047307808,0.562351035,0.633,0.458905046,0.585804033
24,SF,2,0.274375795,0.52380893,0.372163593,82.98158855,11.68190947,5.189907169,5.153755881,2.329440681,22.07357116,12.26692116,20.53069879,0.022412663,0.046168924,0.626414932,0.662,0.414464947,0.562180655
24,SF,3,0.274565409,0.523989894,0.392702396,83.09585436,11.3885114,5.190708604,4.920648005,2.321885755,22.17872377,12.37207377,21.43211612,0.023267647,0.045762054,0.603193633,0.632,0.434438939,0.621364551
24,SF,4,0.279107582,0.528306333,0.374870229,82.96486995,10.73096873,5.209824779,4.832043132,2.341154032,23.17330216,13.36665216,22.74685661,0.0240673,0.04641036,0.516751556,0.563,0.495750591,0.665844101
24,SF,5,0.249570974,0.49957079,0.4195101,83.01566943,11.2509468,5.082563946,4.944437632,2.218188932,22.0163255,12.2096755,21.37066426,0.021873419,0.045097518,0.604763153,0.629,0.396774203,0.666947694
24,SS,1,0.262872768,0.512711194,0.336583841,82.55317901,9.88717733,5.14075873,4.391916088,2.273679688,25.87217144,16.06552144,24.05019436,0.025628272,0.047792146,0.452056422,0.484,0.543125555,0.69542116
24,SS,2,0.282565572,0.531568972,0.326384925,81.65746841,9.764752943,5.224273993,4.542813624,2.365737324,31.86334392,22.05669392,24.10006137,0.026676832,0.050521653,0.390840195,0.463,0.610292812,0.704935044
24,SS,3,0.313513548,0.559922805,0.402475948,83.22263456,10.82195505,5.349844346,5.061779313,2.492437013,23.32129967,13.51464967,22.86361169,0.025671316,0.050662634,0.494498126,0.558,0.561852236,0.721283062
24,SS,4,0.27259292,0.522104319,0.353491732,83.07868857,9.409024125,5.182357975,4.250539291,2.318629241,27.71962388,17.91297388,25.18816842,0.027851039,0.049154923,0.396568744,0.431,0.632466172,0.820166431
24,SS,5,0.260448448,0.510341501,0.345636605,82.94428252,10.15126889,5.130264093,4.562894313,2.268138213,24.50789781,14.70124781,23.3266229,0.024656886,0.048160665,0.463265976,0.512,0.508688374,0.675071494
24,ST,1,0.236679792,0.486497474,0.304011053,83.20359195,8.221634174,5.024666274,3.719673307,2.160415957,35.16266463,25.35601463,32.21783985,0.028849598,0.050125654,0.279688646,0.326,0.726011631,0.932549243
24,ST,2,0.267177776,0.516892422,0.353491732,82.74050867,8.562183644,5.159276094,4.004737526,2.308187076,42.98777053,33.18112053,30.97865896,0.030198133,0.052106881,0.2930628,0.347,0.769964771,1.018708161
24,ST,3,0.305179228,0.552430292,0.356129721,82.15828797,9.317775527,5.316662327,4.302188723,2.448731873,35.63633167,25.82968167,24.44999828,0.030239439,0.054709922,0.347038388,0.408,0.747988304,0.872866962
24,ST,4,0.302039045,0.54958079,0.368122028,82.92171664,10.43292071,5.304042762,4.800694331,2.437291681,26.31506062,16.50841062,23.4494663,0.026394634,0.050497714,0.45744135,0.523,0.577512514,0.70386621
24,ST,5,0.278048794,0.527303323,0.33274086,82.82443707,9.029976254,5.205382754,4.290723216,2.339199866,42.29500524,32.48835524,26.74585036,0.028618709,0.050631373,0.301687683,0.39,0.712945627,0.853181693
2,SF,1,0.214494858,0.463135896,0.244932116,79.15698197,7.676873724,4.921205074,3.426875978,2.053944978,43.62685279,33.82020279,31.40392595,0.029022312,0.052604399,0.242877947,0.281,0.763326896,0.871644542
2,SF,2,0.198377034,0.445395368,0.267340311,79.41508536,8.13767217,4.84263777,3.479690902,1.979273452,34.00424476,24.19759476,28.91969441,0.026227943,0.045845001,0.309472794,0.336,0.59040784,0.795655689
2,SF,3,0.223214794,0.472456129,0.266196611,79.23852878,8.698815155,4.962481505,3.886351876,2.101541576,33.07456663,23.26791663,26.82167416,0.025951377,0.045550058,0.31594483,0.381,0.585865601,0.698678769
2,SF,4,0.25116243,0.501161082,0.288346156,79.0258756,8.570967608,5.089606858,3.898991914,2.231861414,33.72465005,23.91800005,28.08738256,0.02910836,0.050353969,0.299317586,0.355,0.707499803,0.812242692
2,SF,5,0.231487505,0.481131484,0.277743941,79.29380011,8.580329219,5.000901969,3.803294452,2.145970602,31.91346608,22.10681608,27.6428926,0.027359281,0.048139512,0.321754107,0.365,0.634212344,0.760942305
2,SS,1,0.243850847,0.493812563,0.240568157,79.31781595,8.195190541,5.057062541,3.92538519,2.20922144,58.30682482,48.50017482,32.08736864,0.028805061,0.051545644,0.228453718,0.32,0.762033897,0.751775491
2,SS,2,0.233739699,0.483466337,0.265055362,79.35848264,8.012077208,5.011242308,3.702670026,2.153219326,38.10002283,28.29337283,28.07677171,0.028791549,0.051550846,0.234839662,0.306,0.763855225,0.866193994
2,SS,3,0.224940215,0.474278626,0.267340311,79.24900713,8.255780529,4.970552779,3.699212402,2.120341752,33.72168431,23.91503431,30.08908359,0.028201237,0.048473628,0.287528638,0.335,0.671463328,0.798030781
2,SS,4,0.253617565,0.503604572,0.278912158,79.27254868,8.16990977,5.10042832,3.776851003,2.237206953,37.75632359,27.94967359,29.70952794,0.030704485,0.052624663,0.255675409,0.313,0.810279761,0.891093158
2,SS,5,0.235203972,0.484978321,0.273095589,79.41138931,7.85206027,5.01793842,3.560433994,2.148276394,46.34725613,36.54060613,33.82310804,0.031118846,0.054223614,0.245448435,0.289,0.813854576,0.944967437
2,ST,1,0.308275989,0.55522607,0.291924357,79.25725971,9.27131726,5.32904396,4.619566287,2.471909937,54.93805887,45.13140887,25.22216901,0.029154237,0.051418122,0.266620098,0.402,0.766855694,0.726179993
2,ST,2,0.297277391,0.545231502,0.306457813,79.2403785,9.45260736,5.28478111,4.642658099,2.426355199,59.87174834,50.06509834,23.88466633,0.028241585,0.051075324,0.297296816,0.425,0.699476213,0.721077206
2,ST,3,0.349096719,0.590844073,0.306457813,79.16232109,8.722979576,5.486785076,4.524759003,2.632075553,65.94842001,56.14177001,28.34606122,0.034466386,0.058068794,0.188701306,0.33,1.057868846,0.928660038
2,ST,4,0.282826434,0.531814285,0.302791351,79.22108181,8.608654659,5.225360409,4.140659437,2.365655787,45.37605291,35.56940291,28.95378285,0.030885159,0.052773013,0.263072319,0.345,0.819786764,0.877656091
2,ST,5,0.297405017,0.545348528,0.293121994,79.75354984,8.717626882,5.285299382,4.324693455,2.422203355,57.1328801,47.3262301,27.86822661,0.030880058,0.05285205,0.230616524,0.35,0.849728619,0.837491412